id,relation_type,from_id,to_id,properties_json,review_status
relation:philosopher:cusanus:wrote:ddi,WROTE,philosopher:cusanus,work:cusanus:de-docta-ignorantia,"{""role"":""author"",""certainty"":1.0}",reviewed
relation:philosopher:hegel:wrote:wl,WROTE,philosopher:hegel,work:hegel:wissenschaft-der-logik,"{""role"":""author"",""certainty"":1.0}",reviewed
relation:philosopher:frank:wrote:nepostizhimoe,WROTE,philosopher:frank,work:frank:nepostizhimoe,"{""role"":""author"",""certainty"":1.0}",reviewed
relation:work:ddi:has-passage:1-1-la,HAS_PASSAGE,work:cusanus:de-docta-ignorantia,passage:cusanus:ddi:1.1:la,"{""order"":1}",reviewed
relation:work:ddi:has-passage:1-1-en,HAS_PASSAGE,work:cusanus:de-docta-ignorantia,passage:cusanus:ddi:1.1:en,"{""order"":2}",curated
relation:work:ddi:has-passage:1-1-ru,HAS_PASSAGE,work:cusanus:de-docta-ignorantia,passage:cusanus:ddi:1.1:ru,"{""order"":3}",curated
relation:work:ddi:has-passage:1-4-la,HAS_PASSAGE,work:cusanus:de-docta-ignorantia,passage:cusanus:ddi:1.4:la,"{""order"":4}",reviewed
relation:work:ddi:has-passage:1-4-en,HAS_PASSAGE,work:cusanus:de-docta-ignorantia,passage:cusanus:ddi:1.4:en,"{""order"":5}",curated
relation:work:ddi:has-passage:1-4-de,HAS_PASSAGE,work:cusanus:de-docta-ignorantia,passage:cusanus:ddi:1.4:de,"{""order"":6}",curated
relation:work:wl:has-passage:being-de,HAS_PASSAGE,work:hegel:wissenschaft-der-logik,passage:hegel:wl:being:de,"{""order"":1}",reviewed
relation:work:wl:has-passage:being-en,HAS_PASSAGE,work:hegel:wissenschaft-der-logik,passage:hegel:wl:being:en,"{""order"":2}",curated
relation:work:wl:has-passage:being-ru,HAS_PASSAGE,work:hegel:wissenschaft-der-logik,passage:hegel:wl:being:ru,"{""order"":3}",curated
relation:work:frank:has-passage:meta-ru,HAS_PASSAGE,work:frank:nepostizhimoe,passage:frank:nepostizhimoe:meta:ru,"{""order"":1}",reviewed
relation:work:frank:has-passage:summary-en,HAS_PASSAGE,work:frank:nepostizhimoe,passage:frank:nepostizhimoe:summary:en,"{""order"":2}",curated
relation:work:frank:has-passage:summary-de,HAS_PASSAGE,work:frank:nepostizhimoe,passage:frank:nepostizhimoe:summary:de,"{""order"":3}",curated
relation:passage:cusanus:1-1:discusses:docta,DISCUSSES,passage:cusanus:ddi:1.1:la,concept:docta-ignorantia,"{""extraction_method"":""curated"",""confidence"":1.0,""review_status"":""reviewed""}",reviewed
relation:passage:cusanus:1-1-en:discusses:docta,DISCUSSES,passage:cusanus:ddi:1.1:en,concept:docta-ignorantia,"{""extraction_method"":""editorial"",""confidence"":1.0,""review_status"":""curated""}",curated
relation:passage:cusanus:1-1-ru:discusses:docta,DISCUSSES,passage:cusanus:ddi:1.1:ru,concept:docta-ignorantia,"{""extraction_method"":""editorial"",""confidence"":1.0,""review_status"":""curated""}",curated
relation:passage:cusanus:1-4:discusses:coincidentia,DISCUSSES,passage:cusanus:ddi:1.4:la,concept:coincidentia-oppositorum,"{""extraction_method"":""curated"",""confidence"":0.95,""review_status"":""reviewed""}",reviewed
relation:passage:cusanus:1-4-en:discusses:coincidentia,DISCUSSES,passage:cusanus:ddi:1.4:en,concept:coincidentia-oppositorum,"{""extraction_method"":""editorial"",""confidence"":0.95,""review_status"":""curated""}",curated
relation:passage:cusanus:1-4-de:discusses:coincidentia,DISCUSSES,passage:cusanus:ddi:1.4:de,concept:coincidentia-oppositorum,"{""extraction_method"":""editorial"",""confidence"":0.95,""review_status"":""curated""}",curated
relation:passage:cusanus:1-4:discusses:absolute,DISCUSSES,passage:cusanus:ddi:1.4:la,concept:absolute,"{""extraction_method"":""curated"",""confidence"":0.9,""review_status"":""reviewed""}",reviewed
relation:passage:hegel:being:discusses:being,DISCUSSES,passage:hegel:wl:being:de,concept:being,"{""extraction_method"":""curated"",""confidence"":0.95,""review_status"":""reviewed""}",reviewed
relation:passage:hegel:being:discusses:nothing,DISCUSSES,passage:hegel:wl:being:de,concept:nothing,"{""extraction_method"":""curated"",""confidence"":0.95,""review_status"":""reviewed""}",reviewed
relation:passage:hegel:being:discusses:becoming,DISCUSSES,passage:hegel:wl:being:de,concept:becoming,"{""extraction_method"":""curated"",""confidence"":1.0,""review_status"":""reviewed""}",reviewed
relation:passage:hegel:being-en:discusses:becoming,DISCUSSES,passage:hegel:wl:being:en,concept:becoming,"{""extraction_method"":""editorial"",""confidence"":1.0,""review_status"":""curated""}",curated
relation:passage:hegel:being-ru:discusses:becoming,DISCUSSES,passage:hegel:wl:being:ru,concept:becoming,"{""extraction_method"":""editorial"",""confidence"":1.0,""review_status"":""curated""}",curated
relation:passage:frank:meta:discusses:unknowable,DISCUSSES,passage:frank:nepostizhimoe:meta:ru,concept:unknowable,"{""extraction_method"":""bibliographic_note"",""confidence"":0.8,""review_status"":""reviewed""}",reviewed
relation:passage:frank:en:discusses:unknowable,DISCUSSES,passage:frank:nepostizhimoe:summary:en,concept:unknowable,"{""extraction_method"":""editorial"",""confidence"":0.9,""review_status"":""curated""}",curated
relation:passage:frank:de:discusses:unknowable,DISCUSSES,passage:frank:nepostizhimoe:summary:de,concept:unknowable,"{""extraction_method"":""editorial"",""confidence"":0.9,""review_status"":""curated""}",curated
relation:concept:docta:related:absolute,CONCEPTUALLY_RELATED_TO,concept:docta-ignorantia,concept:absolute,"{""relation_type"":""epistemic_limit_and_absolute"",""asserted_by"":""curator"",""evidence_passage_ids"":[""passage:cusanus:ddi:1.1:la"",""passage:cusanus:ddi:1.4:la""],""evidence_source_ids"":[""source:cusanus:opera-omnia-1932""],""claim_language"":""en"",""confidence"":0.75,""review_status"":""candidate"",""created_at"":""2026-09-13T00:00:00Z"",""updated_at"":""2026-09-13T00:00:00Z""}",candidate
relation:concept:coincidentia:related:absolute,CONCEPTUALLY_RELATED_TO,concept:coincidentia-oppositorum,concept:absolute,"{""relation_type"":""maximum_minimum_coincidence"",""asserted_by"":""curator"",""evidence_passage_ids"":[""passage:cusanus:ddi:1.4:la""],""evidence_source_ids"":[""source:cusanus:opera-omnia-1932""],""claim_language"":""la"",""confidence"":0.9,""review_status"":""reviewed"",""created_at"":""2026-09-13T00:00:00Z"",""updated_at"":""2026-09-13T00:00:00Z""}",reviewed
relation:kant:wrote:groundwork,WROTE,philosopher:kant,work:kant:groundwork,"{""role"":""author"",""certainty"":1.0}",candidate
relation:mill:wrote:on-liberty,WROTE,philosopher:mill,work:mill:on-liberty,"{""role"":""author"",""certainty"":1.0}",candidate
relation:v1-1:has-passage:1,HAS_PASSAGE,work:kant:groundwork,passage:kant:groundwork:2:autonomy:en,"{""order"":1}",candidate
relation:v1-1:discusses:1:autonomy,DISCUSSES,passage:kant:groundwork:2:autonomy:en,concept:autonomy,"{""extraction_method"":""curated"",""confidence"":0.9,""review_status"":""candidate""}",candidate
relation:v1-1:discusses:1:moral-law,DISCUSSES,passage:kant:groundwork:2:autonomy:en,concept:moral-law,"{""extraction_method"":""curated"",""confidence"":0.9,""review_status"":""candidate""}",candidate
relation:v1-1:has-passage:2,HAS_PASSAGE,work:kant:groundwork,passage:kant:groundwork:2:humanity:en,"{""order"":2}",candidate
relation:v1-1:discusses:2:humanity,DISCUSSES,passage:kant:groundwork:2:humanity:en,concept:humanity,"{""extraction_method"":""curated"",""confidence"":0.9,""review_status"":""candidate""}",candidate
relation:v1-1:discusses:2:end-in-itself,DISCUSSES,passage:kant:groundwork:2:humanity:en,concept:end-in-itself,"{""extraction_method"":""curated"",""confidence"":0.9,""review_status"":""candidate""}",candidate
relation:v1-1:has-passage:3,HAS_PASSAGE,work:mill:on-liberty,passage:mill:on-liberty:1:harm:en,"{""order"":3}",candidate
relation:v1-1:discusses:3:liberty,DISCUSSES,passage:mill:on-liberty:1:harm:en,concept:liberty,"{""extraction_method"":""curated"",""confidence"":0.9,""review_status"":""candidate""}",candidate
relation:v1-1:discusses:3:harm-principle,DISCUSSES,passage:mill:on-liberty:1:harm:en,concept:harm-principle,"{""extraction_method"":""curated"",""confidence"":0.9,""review_status"":""candidate""}",candidate
relation:v1-1:has-passage:4,HAS_PASSAGE,work:mill:on-liberty,passage:mill:on-liberty:3:individuality:en,"{""order"":4}",candidate
relation:v1-1:discusses:4:individuality,DISCUSSES,passage:mill:on-liberty:3:individuality:en,concept:individuality,"{""extraction_method"":""curated"",""confidence"":0.9,""review_status"":""candidate""}",candidate
relation:v1-1:discusses:4:liberty,DISCUSSES,passage:mill:on-liberty:3:individuality:en,concept:liberty,"{""extraction_method"":""curated"",""confidence"":0.9,""review_status"":""candidate""}",candidate
